{
  "com.liferay.client.extension.type.configuration.CETConfiguration~lr-course-registrations" : {
    ":configurator:policy" : "force",
    "baseURL" : "${portalURL}/o/lr-course-registrations",
    "buildTimestamp" : 1729792441806,
    "description" : "",
    "dxp.lxc.liferay.com.virtualInstanceId" : "default",
    "name" : "Liferay React Course Registrations",
    "projectId" : "lrcourseregistrations",
    "projectName" : "lr-course-registrations",
    "properties" : [ ],
    "sourceCodeURL" : "",
    "type" : "customElement",
    "typeSettings" : [ "friendlyURLMapping=lr-course-registrations", "instanceable=true", "urls=assets/index-Bxct0khp.js", "useESM=true", "portletCategoryName=category.client-extensions", "htmlElementName=lr-course-registrations" ],
    "webContextPath" : "/lr-course-registrations"
  }
}